Transaction_ID,Customer_ID,Product_ID,Address_ID,Date_ID,Total_Purchases,Amount,Total_Amount,Payment_Method,Order_Status,Shipping_Method
8691788,37249,1,1,1,3.0,108.0287567,324.08627,Debit Card,Shipped,Same-Day
2174773,69749,2,2,2,2.0,403.3539073,806.7078147,Credit Card,Processing,Standard
6679610,30192,3,3,3,3.0,354.4775997,1063.432799,Credit Card,Processing,Same-Day
7232460,62101,4,4,4,7.0,352.4077173,2466.854021,PayPal,Processing,Standard
4983775,27901,5,5,5,2.0,124.2765245,248.5530491,Cash,Shipped,Standard
6095326,41289,2,6,6,4.0,296.2918059,1185.167224,PayPal,Pending,Express
5434096,97285,7,7,7,2.0,315.0576476,630.1152951,Cash,Processing,Standard
2344675,26603,8,8,8,1.0,46.58807038,46.58807038,Cash,Processing,Same-Day
4155845,80175,9,9,9,8.0,328.8393017,2630.714413,Cash,Delivered,Same-Day
4926148,31878,10,10,10,10.0,397.6112295,3976.112295,Cash,Delivered,Standard
8493213,19136,11,11,11,4.0,90.98186975,363.927479,Credit Card,Shipped,Standard
1609659,66883,12,12,12,1.0,364.8305669,364.8305669,Credit Card,Pending,Standard
2846832,31930,13,13,13,10.0,161.879361,1618.79361,PayPal,Delivered,Standard
3217461,74671,14,14,14,9.0,350.8170158,3157.353142,PayPal,Delivered,Express
2401331,98300,15,15,15,6.0,297.7260391,1786.356235,Cash,Shipped,Same-Day
4969987,64995,16,16,16,3.0,23.72390122,71.17170367,Credit Card,Pending,Express
6681000,69939,17,17,17,10.0,14.72716425,147.2716425,Debit Card,Shipped,Same-Day
2430572,71803,18,18,18,3.0,139.786855,419.3605651,Cash,Shipped,Express
7728099,78376,19,19,19,1.0,210.1379188,210.1379188,Credit Card,Shipped,Express
3489336,40654,20,20,20,2.0,469.6596392,939.3192783,Cash,Shipped,Standard
6925572,42165,21,21,21,6.0,420.8750298,2525.250179,PayPal,Processing,Same-Day
8871554,63914,22,22,22,4.0,200.2871282,801.1485128,PayPal,Processing,Standard
9476855,42410,23,23,23,6.0,34.12426631,204.7455979,PayPal,Processing,Same-Day
9338306,48869,24,24,24,8.0,436.6079091,3492.863273,PayPal,Pending,Standard
9070447,99870,25,25,25,2.0,285.2983297,570.5966593,PayPal,Processing,Same-Day
9082305,47037,26,26,26,6.0,75.20993501,451.25961,Debit Card,Pending,Standard
4725198,28381,27,27,27,1.0,173.5707379,173.5707379,PayPal,Shipped,Express
5230876,23097,28,28,28,5.0,471.482132,2357.41066,Credit Card,Shipped,Same-Day
2459574,42540,29,29,29,8.0,333.8596639,2670.877311,Cash,Delivered,Standard
2873384,55388,30,30,12,6.0,240.2281886,1441.369132,Cash,Pending,Standard
3413296,98256,31,31,31,3.0,159.8041933,479.4125799,Debit Card,Pending,Same-Day
6408692,90935,32,32,32,2.0,147.0982341,294.1964683,Debit Card,Processing,Standard
8973612,65701,29,33,33,7.0,344.6791851,2412.754296,Debit Card,Processing,Same-Day
5404187,23713,34,34,34,4.0,243.6402763,974.5611052,Cash,Pending,Express
4208526,66911,35,35,35,2.0,333.7044331,667.4088663,Credit Card,Pending,Same-Day
1505270,38517,36,36,36,3.0,322.1477142,966.4431427,PayPal,Delivered,Same-Day
8783109,65305,37,37,37,5.0,195.551403,977.7570148,Credit Card,Pending,Express
4579663,31767,38,38,38,9.0,161.3873342,1452.486008,Cash,Pending,Standard
5992046,30637,39,39,39,7.0,44.33018431,310.3112902,PayPal,Processing,Express
2458233,96840,31,40,40,8.0,28.82551058,230.6040847,Credit Card,Pending,Same-Day
2055036,25848,40,41,41,10.0,20.52853677,205.2853677,PayPal,Pending,Same-Day
4923734,91172,16,42,42,3.0,227.4255488,682.2766465,Debit Card,Pending,Same-Day
3902930,77572,41,43,43,6.0,334.1656983,2004.99419,Debit Card,Shipped,Same-Day
9885863,46361,42,44,44,2.0,141.2143655,282.4287309,PayPal,Processing,Same-Day
3239367,62464,43,45,45,3.0,312.9765727,938.929718,Cash,Delivered,Standard
6047927,74096,44,46,46,1.0,399.7871224,399.7871224,Credit Card,Pending,Express
1089259,21399,45,47,47,7.0,315.6288671,2209.40207,Cash,Pending,Express
6353946,39757,46,48,48,8.0,93.00421884,744.0337507,Credit Card,Processing,Same-Day
8796466,90189,47,49,49,7.0,346.7195926,2427.037148,Credit Card,Delivered,Standard
2545225,86575,48,50,50,6.0,106.506742,639.040452,Credit Card,Pending,Standard
9051490,19303,49,51,51,2.0,230.8758523,461.7517047,PayPal,Processing,Standard
4580441,12911,50,52,52,3.0,394.6062656,1183.818797,PayPal,Processing,Express
9786592,71257,51,53,53,2.0,281.6001693,563.2003387,PayPal,Delivered,Standard
6315151,75456,52,54,54,4.0,303.7898645,1215.159458,Cash,Delivered,Express
6857160,50574,53,55,55,4.0,129.7569724,519.0278895,Debit Card,Shipped,Same-Day
8523222,81200,52,56,56,4.0,257.5869724,1030.34789,Cash,Processing,Same-Day
6921233,21381,54,57,32,10.0,387.5534458,3875.534458,Debit Card,Shipped,Same-Day
9658399,71121,55,58,58,10.0,97.99678856,979.9678856,Cash,Shipped,Same-Day
3121715,64722,16,59,59,9.0,291.8812732,2626.931459,Credit Card,Shipped,Express
4021565,59819,56,60,60,9.0,474.8269416,4273.442474,PayPal,Shipped,Standard
4058513,57742,26,61,61,9.0,93.0621505,837.5593545,Cash,Delivered,Same-Day
8670923,80071,57,62,62,6.0,71.19155079,427.1493047,Debit Card,Pending,Standard
4427458,97683,58,63,63,3.0,85.15693246,255.4707974,Cash,Delivered,Same-Day
5532127,51980,59,64,64,9.0,306.5457321,2758.911589,Cash,Shipped,Standard
6761027,11397,60,65,65,2.0,405.4487158,810.8974316,PayPal,Processing,Standard
9202969,35966,61,66,66,4.0,187.0926026,748.3704105,Cash,Delivered,Express
5161746,95925,44,67,67,10.0,313.4881143,3134.881143,Credit Card,Processing,Same-Day
4154386,56726,62,68,68,4.0,148.7134709,594.8538835,PayPal,Pending,Same-Day
7509621,87729,8,69,37,4.0,245.1867334,980.7469337,Credit Card,Delivered,Standard
7734668,49952,63,70,70,10.0,59.2618184,592.618184,Debit Card,Pending,Same-Day
9845803,79052,55,71,71,7.0,139.8812925,979.1690474,Cash,Shipped,Standard
9634627,90837,28,72,31,8.0,436.749375,3493.995,PayPal,Delivered,Express
9534452,20500,66,73,73,4.0,201.9537348,807.8149392,PayPal,Processing,Standard
6126111,63629,67,74,74,9.0,202.6093011,1823.48371,Credit Card,Shipped,Same-Day
9510333,71053,68,75,75,7.0,405.9901115,2841.930781,Cash,Processing,Express
7478681,73823,69,76,76,1.0,249.6148342,249.6148342,Credit Card,Delivered,Same-Day
5696111,28956,70,77,77,3.0,413.762511,1241.287533,Debit Card,Delivered,Express
4419654,21444,71,78,78,4.0,312.4280564,1249.712226,Debit Card,Shipped,Express
4440264,68648,72,79,79,6.0,37.40545462,224.4327277,Credit Card,Processing,Same-Day
9711181,50100,73,80,80,3.0,279.5816873,838.7450619,PayPal,Processing,Same-Day
7757654,65961,74,81,81,8.0,51.51626766,412.1301413,PayPal,Processing,Standard
3381958,70067,75,82,82,8.0,364.5142093,2916.113675,Cash,Processing,Express
5961798,31581,76,83,83,6.0,72.86168263,437.1700958,Debit Card,Processing,Same-Day
8164996,12604,77,84,84,6.0,159.7195966,958.3175796,Debit Card,Pending,Standard
6573179,55594,78,85,85,6.0,422.3872606,2534.323563,Credit Card,Delivered,Express
6650415,98788,79,86,86,10.0,147.8845358,1478.845358,Credit Card,Processing,Same-Day
3101006,59411,41,87,87,10.0,55.0574653,550.574653,Cash,Delivered,Same-Day
3892971,67690,80,88,88,1.0,426.6513417,426.6513417,Cash,Shipped,Standard
1198092,96720,81,89,89,9.0,324.7267472,2922.540725,Credit Card,Delivered,Same-Day
7978896,28489,82,90,90,3.0,199.8245013,599.4735038,Credit Card,Processing,Express
4615607,22945,83,91,91,9.0,386.9843038,3482.858734,Debit Card,Pending,Express
6983938,15757,84,92,92,10.0,363.4813448,3634.813448,PayPal,Delivered,Same-Day
6314125,15983,85,93,90,1.0,104.8262263,104.8262263,PayPal,Processing,Same-Day
1874788,74649,86,94,49,5.0,289.1167828,1445.583914,Debit Card,Delivered,Express
2982163,50952,87,95,95,3.0,427.5947837,1282.784351,Cash,Pending,Express
5166565,51279,88,96,96,4.0,183.7086333,734.8345331,PayPal,Processing,Same-Day
1685588,70655,89,97,97,4.0,466.22066,1864.88264,Credit Card,Processing,Express
3101821,93615,90,98,98,6.0,106.4830681,638.8984086,Debit Card,Processing,Same-Day
6113733,86785,91,99,99,9.0,311.4446143,2803.001528,Debit Card,Shipped,Same-Day
9823195,14549,89,100,100,4.0,104.5063373,418.0253491,Cash,Processing,Express
1295338,94652,89,101,101,2.0,152.5736658,305.1473315,Cash,Shipped,Same-Day
3326402,67949,93,102,66,3.0,242.8579728,728.5739184,PayPal,Processing,Standard
9703915,38862,86,103,103,3.0,380.1576511,1140.472953,Cash,Processing,Standard
1194954,13566,94,104,104,1.0,377.6137689,377.6137689,PayPal,Pending,Same-Day
8942113,72626,95,105,105,1.0,212.3024659,212.3024659,Cash,Processing,Same-Day
2729227,45610,89,106,106,9.0,145.6583398,1310.925059,Credit Card,Processing,Standard
9193737,45455,84,107,53,1.0,275.7202207,275.7202207,Debit Card,Processing,Express
7260440,72079,97,108,37,10.0,249.8993538,2498.993538,Debit Card,Shipped,Standard
6219631,26736,98,109,109,8.0,221.5377905,1772.302324,PayPal,Shipped,Express
7379891,47846,99,110,110,4.0,478.109162,1912.436648,Debit Card,Delivered,Same-Day
8748941,77875,100,111,111,3.0,399.3726237,1198.117871,PayPal,Shipped,Standard
7177238,95547,101,112,112,7.0,459.6822933,3217.776053,Credit Card,Pending,Express
6752816,50126,85,113,113,1.0,171.2626583,171.2626583,PayPal,Processing,Standard
7018142,67530,103,114,114,7.0,178.0342511,1246.239758,PayPal,Processing,Standard
9329957,55159,104,115,31,1.0,354.6951817,354.6951817,Credit Card,Pending,Standard
6298651,50555,105,116,116,10.0,373.8363983,3738.363983,Credit Card,Pending,Standard
5575470,21352,106,117,79,1.0,191.2814448,191.2814448,PayPal,Delivered,Same-Day
1238495,28128,107,118,118,1.0,155.8863582,155.8863582,PayPal,Pending,Same-Day
4105287,41336,108,119,119,6.0,141.864984,851.1899039,Credit Card,Processing,Express
9255871,96814,109,120,112,1.0,246.1520185,246.1520185,Credit Card,Pending,Standard
3997195,95592,110,121,121,3.0,20.71651673,62.14955018,Debit Card,Processing,Express
9366120,90603,82,122,122,9.0,94.33213936,848.9892543,Cash,Delivered,Standard
5419578,88294,99,123,16,7.0,423.6130845,2965.291591,Debit Card,Pending,Standard
7361679,47748,111,124,95,10.0,300.2684416,3002.684416,PayPal,Pending,Standard
7850231,84982,100,125,9,2.0,98.22057468,196.4411494,Credit Card,Delivered,Same-Day
5943482,31054,97,126,126,9.0,167.7337854,1509.604068,Credit Card,Delivered,Express
7567107,27353,89,127,78,1.0,180.1567737,180.1567737,Cash,Shipped,Same-Day
5245038,52641,114,128,128,7.0,12.48091594,87.36641155,Debit Card,Pending,Express
9334981,71681,115,129,129,5.0,318.4496589,1592.248294,PayPal,Processing,Same-Day
1804470,65334,116,130,130,3.0,367.4544789,1102.363437,Cash,Processing,Express
6135513,83016,77,131,131,5.0,62.1635342,310.817671,Credit Card,Delivered,Same-Day
1705974,40624,117,132,132,2.0,360.6269886,721.2539773,PayPal,Delivered,Standard
5343974,66428,30,133,133,1.0,315.7222744,315.7222744,Cash,Shipped,Standard
8273419,34145,118,134,134,9.0,183.231127,1649.080143,PayPal,Processing,Express
3134820,13629,119,135,135,5.0,291.4328373,1457.164187,Debit Card,Processing,Standard
3528652,26940,120,136,136,8.0,492.5455335,3940.364268,PayPal,Processing,Standard
4946535,73735,121,137,62,6.0,493.301515,2959.80909,Credit Card,Shipped,Standard
3632603,96811,122,138,138,2.0,457.2501079,914.5002158,Cash,Pending,Standard
9484414,50056,123,139,139,6.0,380.3025105,2281.815063,Debit Card,Processing,Express
9192381,41835,124,140,140,2.0,50.42054079,100.8410816,PayPal,Shipped,Express
9084403,89815,89,141,141,3.0,291.4024205,874.2072614,Cash,Shipped,Standard
8871239,84806,29,142,142,4.0,123.0183684,492.0734736,Debit Card,Shipped,Same-Day
5050125,14196,125,143,143,1.0,253.0541571,253.0541571,PayPal,Pending,Not Provided
2300962,11602,126,144,144,4.0,126.8194883,507.2779531,Debit Card,Pending,Express
6923123,40667,42,145,145,3.0,49.25146702,147.7544011,PayPal,Shipped,Standard
6094546,12223,111,146,146,6.0,167.5230264,1005.138159,Debit Card,Processing,Express
2491876,92174,127,147,147,5.0,318.5546054,1592.773027,Cash,Pending,Express
9528651,70193,128,148,148,4.0,491.1758,1964.7032,Cash,Shipped,Same-Day
6615549,37748,25,149,149,5.0,194.123119,970.6155948,PayPal,Processing,Express
5820774,46908,80,150,150,5.0,402.1154395,2010.577198,Cash,Processing,Same-Day
4613625,72950,51,151,73,10.0,488.5287161,4885.287161,Debit Card,Pending,Same-Day
7433237,78960,129,152,152,5.0,435.2627046,2176.313523,Cash,Delivered,Express
6907373,97201,83,153,24,5.0,142.0725796,710.3628978,Debit Card,Delivered,Same-Day
1761766,37351,20,154,154,5.0,225.7715983,1128.857991,Cash,Pending,Same-Day
4435221,73668,131,155,155,5.0,435.10538,2175.5269,Cash,Delivered,Standard
4201893,93072,48,156,45,2.0,324.9156677,649.8313353,PayPal,Processing,Express
6908483,44073,132,157,157,8.0,267.8020662,2142.41653,Credit Card,Delivered,Standard
8400644,33277,8,158,158,4.0,299.9304137,1199.721655,Credit Card,Delivered,Standard
5648072,89211,133,159,159,2.0,168.017706,336.035412,PayPal,Shipped,Same-Day
8093529,45413,134,160,79,10.0,485.0773617,4850.773617,Debit Card,Delivered,Standard
1214388,75644,135,161,15,7.0,395.5127305,2768.589113,Credit Card,Delivered,Express
2780785,28689,32,162,162,8.0,196.3245186,1570.596149,Debit Card,Pending,Express
9316466,17098,84,163,163,8.0,223.9991314,1791.993051,PayPal,Pending,Standard
6500202,59565,136,164,164,8.0,140.598328,1124.786624,Cash,Delivered,Same-Day
9449050,14899,134,165,165,4.0,249.2309009,996.9236037,Credit Card,Delivered,Same-Day
7311153,95391,137,166,166,7.0,207.8439581,1454.907707,Cash,Processing,Express
6215388,66817,25,167,147,2.0,209.6584616,419.3169233,Credit Card,Pending,Express
8810446,93866,54,168,168,5.0,188.7204549,943.6022746,Credit Card,Processing,Same-Day
4176344,11393,139,169,169,9.0,457.2923455,4115.631109,PayPal,Shipped,Same-Day
7999142,88381,140,170,170,5.0,278.9850848,1394.925424,PayPal,Pending,Express
2869376,95670,141,171,171,7.0,251.943177,1763.602239,Credit Card,Shipped,Same-Day
5072217,92028,84,172,172,3.0,433.5560183,1300.668055,Cash,Pending,Express
6726352,26172,120,173,4,5.0,473.9013938,2369.506969,Cash,Shipped,Same-Day
6885155,89528,100,174,174,7.0,360.0919904,2520.643933,Debit Card,Shipped,Standard
8744927,39728,137,175,68,0.0,417.0340015,1251.102005,Credit Card,Pending,Standard
8984831,10237,142,176,89,4.0,404.8225205,1619.290082,Cash,Processing,Express
5104546,25605,21,177,126,2.0,92.29543415,184.5908683,PayPal,Shipped,Standard
7172567,88816,143,178,86,5.0,282.3141772,1411.570886,Credit Card,Pending,Express
7948369,75143,144,179,179,5.0,327.5769025,1637.884513,Credit Card,Shipped,Same-Day
7491247,12884,38,180,70,1.0,265.6643192,265.6643192,PayPal,Shipped,Same-Day
4122058,47483,145,181,181,2.0,248.5914523,497.1829045,Credit Card,Processing,Same-Day
6438013,33012,46,182,170,10.0,336.6440491,3366.440491,Credit Card,Shipped,Standard
6011814,74001,146,183,19,9.0,147.0027683,1323.024915,Credit Card,Pending,Standard
2946521,66660,147,184,184,1.0,478.4058455,478.4058455,PayPal,Processing,Standard
1823051,48512,101,185,148,4.0,488.0286738,1952.114695,Cash,Pending,Same-Day
5090778,88539,22,186,186,6.0,357.9849162,2147.909497,PayPal,Shipped,Same-Day
7839518,22236,148,187,187,1.0,418.657921,418.657921,PayPal,Shipped,Standard
9480668,52755,149,188,188,5.0,222.402307,1112.011535,Debit Card,Processing,Same-Day
5621422,88053,61,189,189,7.0,325.6425501,2279.497851,PayPal,Shipped,Same-Day
9250956,73450,150,190,190,8.0,98.06832997,784.5466397,Debit Card,Processing,Same-Day
4830596,74006,69,191,16,9.0,45.42484989,408.823649,Debit Card,Processing,Express
2981505,82037,151,192,32,1.0,302.8717657,302.8717657,Credit Card,Pending,Same-Day
9696802,64755,152,193,2,8.0,232.1670496,1857.336397,Cash,Shipped,Same-Day
9531502,97514,146,194,54,5.0,326.9730835,1634.865417,Debit Card,Delivered,Express
1895008,77277,154,195,195,9.0,253.1001978,2277.90178,Debit Card,Pending,Standard
9970701,79487,80,196,196,2.0,489.8171047,979.6342094,Credit Card,Processing,Same-Day
3271164,73524,156,197,197,4.0,273.2359693,1092.943877,Cash,Delivered,Same-Day
8039295,77202,157,198,150,7.0,488.3715782,3418.601047,Debit Card,Shipped,Express
8117738,61206,54,199,199,4.0,304.0787194,1216.314878,Credit Card,Pending,Standard
5573833,79248,158,200,200,2.0,218.7383412,437.4766824,Cash,Delivered,Same-Day
7077961,61351,10,201,201,1.0,95.04799127,95.04799127,Debit Card,Processing,Standard
3830823,76742,56,202,202,4.0,385.827242,1543.308968,Cash,Pending,Same-Day
3111772,11288,161,203,203,1.0,117.0364627,117.0364627,PayPal,Shipped,Standard
4177207,34843,162,204,106,4.0,343.7173143,1374.869257,PayPal,Delivered,Express
7916796,38118,140,205,16,9.0,418.4716139,3766.244525,Debit Card,Pending,Same-Day
9343361,74050,164,206,206,4.0,202.8015925,811.2063698,PayPal,Delivered,Express
8893144,68547,165,207,207,7.0,390.1507446,2731.055212,Cash,Shipped,Standard
7861294,46019,27,208,208,4.0,284.6691552,1138.676621,Cash,Pending,Express
4281916,24134,167,209,14,9.0,87.04112807,783.3701526,Credit Card,Pending,Standard
5480322,72352,168,210,210,3.0,492.4528757,1477.358627,Debit Card,Processing,Same-Day
2022125,32937,169,211,122,5.0,213.5967173,1067.983587,Debit Card,Processing,Same-Day
7629030,67942,76,212,27,2.0,56.39101159,112.7820232,Cash,Delivered,Same-Day
8697012,16597,170,213,213,10.0,385.9838665,3859.838665,Debit Card,Shipped,Same-Day
4153822,58115,132,214,214,6.0,491.7257409,2950.354446,Credit Card,Processing,Same-Day
3815037,58363,85,215,215,8.0,390.7484786,3125.987829,PayPal,Pending,Standard
1377119,71025,172,216,149,1.0,404.1337469,404.1337469,PayPal,Pending,Same-Day
4801034,39803,173,217,217,2.0,36.29586747,72.59173495,Debit Card,Delivered,Express
9213173,27495,91,218,218,6.0,488.9931851,2933.959111,Cash,Delivered,Express
6532646,22191,174,219,22,9.0,182.4097622,1641.68786,Cash,Shipped,Express
5849110,43816,20,220,218,8.0,283.2660008,2266.128006,PayPal,Processing,Same-Day
1464706,78184,175,221,221,10.0,28.55972361,285.5972361,Debit Card,Delivered,Express
8676898,67970,150,222,9,2.0,312.3090872,624.6181745,Credit Card,Pending,Express
6393080,28554,49,223,223,9.0,360.6581908,3245.923717,Cash,Processing,Express
2053971,84475,177,224,224,10.0,13.49779465,134.9779465,Cash,Pending,Standard
9947033,80529,43,225,225,9.0,121.9781801,1097.803621,Credit Card,Pending,Express
4419118,89086,178,226,140,9.0,92.61252157,833.5126941,PayPal,Delivered,Same-Day
4962423,21224,179,227,89,5.0,477.7545633,2388.772817,Credit Card,Delivered,Standard
2885243,13256,40,228,228,5.0,160.8197847,804.0989235,Cash,Processing,Standard
4207259,16846,181,229,229,3.0,89.23638925,267.7091678,Credit Card,Processing,Express
8579093,11135,182,230,202,4.0,95.45621411,381.8248564,PayPal,Shipped,Standard
5773486,57550,183,231,231,9.0,334.6147315,3011.532583,Credit Card,Delivered,Same-Day
2896778,19537,148,232,232,1.0,426.1686042,426.1686042,PayPal,Shipped,Same-Day
3601539,93979,13,233,233,10.0,32.11555907,321.1555907,Credit Card,Pending,Same-Day
3112881,40113,17,234,150,1.0,397.1199649,397.1199649,Credit Card,Delivered,Same-Day
4645610,49175,126,235,116,2.0,456.2022483,912.4044965,Credit Card,Shipped,Standard
9570629,57144,185,236,126,10.0,304.6860183,3046.860183,PayPal,Processing,Standard
8919258,35222,137,237,237,3.0,353.8171446,1061.451434,Debit Card,Processing,Express
7042837,80366,179,238,189,10.0,86.8494135,868.494135,Credit Card,Processing,Express
6665538,49922,187,239,239,2.0,375.1893937,750.3787875,Debit Card,Shipped,Standard
9858337,29333,174,240,240,1.0,147.1582868,147.1582868,Credit Card,Delivered,Same-Day
2781672,73664,79,241,21,4.0,229.9085253,919.6341013,PayPal,Shipped,Same-Day
2171546,42831,188,242,242,5.0,44.64522398,223.2261199,Debit Card,Shipped,Same-Day
4237878,11577,189,243,136,3.0,41.44507739,124.3352322,Cash,Shipped,Standard
2115776,39581,190,244,244,1.0,190.3278983,190.3278983,Debit Card,Pending,Standard
9934274,48777,101,245,245,1.0,440.6478038,440.6478038,PayPal,Shipped,Same-Day
6471367,13265,86,246,214,10.0,192.7124359,1927.124359,PayPal,Delivered,Standard
7918631,30726,79,247,221,9.0,430.1028142,3870.925328,Debit Card,Processing,Standard
5728582,78509,192,248,248,8.0,146.6888014,1173.510411,PayPal,Delivered,Standard
1983549,18932,193,249,249,7.0,123.8693835,867.0856842,Debit Card,Pending,Same-Day
1722757,39003,121,250,27,2.0,486.2156968,972.4313935,Debit Card,Processing,Standard
5476448,15698,121,251,251,8.0,486.4098767,3891.279014,Credit Card,Processing,Same-Day
5776200,78206,194,252,252,1.0,79.97572337,79.97572337,Cash,Processing,Same-Day
9082675,56459,195,253,43,3.0,112.2262928,336.6788785,Credit Card,Shipped,Express
1748365,67367,109,254,134,5.0,166.6772163,833.3860814,Cash,Shipped,Express
9046550,33661,196,255,168,7.0,164.2226026,1149.558218,Cash,Shipped,Express
2060840,28588,115,256,97,7.0,304.870197,2134.091379,PayPal,Pending,Express
3421899,62301,84,257,257,7.0,78.2191262,547.5338834,Credit Card,Delivered,Standard
2761901,79517,23,258,258,8.0,88.34788903,706.7831122,Credit Card,Shipped,Express
1625398,76133,170,259,25,7.0,37.71606481,264.0124537,Debit Card,Pending,Standard
5281561,65159,182,260,260,10.0,101.535408,1015.35408,Cash,Shipped,Same-Day
9484842,17558,158,261,74,8.0,19.82197683,158.5758147,Credit Card,Delivered,Standard
9719734,95531,172,262,157,5.0,154.4532551,772.2662756,PayPal,Pending,Express
9596556,36083,50,263,47,7.0,222.9131135,1560.391794,Debit Card,Shipped,Standard
2124439,74812,36,264,217,6.0,13.7230279,82.33816737,Credit Card,Processing,Same-Day
6146438,84556,168,265,265,1.0,357.6780371,357.6780371,Cash,Pending,Standard
2635116,91124,202,266,266,2.0,451.4462921,902.8925842,Credit Card,Processing,Same-Day
5212805,13082,203,267,267,8.0,31.56501496,252.5201196,Credit Card,Shipped,Standard
4958322,29178,126,268,268,1.0,447.5789312,447.5789312,Debit Card,Pending,Express
7961588,68375,21,269,206,3.0,458.1763995,1374.529198,Cash,Shipped,Same-Day
8966152,42739,111,270,270,10.0,370.5443899,3705.443899,Credit Card,Delivered,Standard
7685751,89187,84,271,249,3.0,43.07109758,129.2132927,Debit Card,Processing,Same-Day
1126150,36687,169,272,27,7.0,456.8190335,3197.733235,PayPal,Delivered,Express
7267435,24363,204,273,267,10.0,60.55796922,605.5796922,Cash,Pending,Express
5313296,31512,55,274,274,3.0,412.7570404,1238.271121,PayPal,Shipped,Same-Day
7084758,90471,57,275,275,2.0,343.0640763,686.1281526,Debit Card,Delivered,Express
6179281,96361,205,276,276,10.0,338.0450513,3380.450513,Debit Card,Pending,Express
2000637,78399,26,277,277,2.0,122.3768951,244.7537902,Debit Card,Delivered,Express
2766292,15015,76,278,75,4.0,279.3441159,1117.376464,Debit Card,Shipped,Express
2053180,23951,206,279,210,6.0,404.8532595,2429.119557,Credit Card,Shipped,Same-Day
7242747,73394,207,280,237,9.0,441.4359993,3972.923994,Credit Card,Shipped,Standard
2038772,98991,13,281,252,2.0,299.5818458,599.1636915,Credit Card,Shipped,Standard
7872156,74342,10,282,282,2.0,340.909278,681.8185561,Debit Card,Processing,Standard
7204003,48869,56,283,267,7.0,352.1290354,2464.903248,Credit Card,Shipped,Express
1515461,90915,28,284,284,6.0,309.843999,1859.063994,Debit Card,Delivered,Standard
6856042,97487,208,285,92,3.0,472.6264585,1417.879376,Credit Card,Pending,Same-Day
1719847,47017,88,286,1,5.0,471.317362,2356.58681,Credit Card,Shipped,Standard
7872782,85089,209,287,287,4.0,444.9003519,1779.601408,Cash,Delivered,Standard
1886587,93886,12,288,288,3.0,250.2169905,750.6509715,Debit Card,Shipped,Same-Day
4205944,82024,104,289,289,6.0,281.4771951,1688.86317,Debit Card,Shipped,Same-Day
3258024,92619,174,290,268,5.0,311.0774669,1555.387334,Credit Card,Shipped,Same-Day
4199333,61101,100,291,291,9.0,427.0404326,3843.363894,PayPal,Pending,Same-Day
7029596,21798,211,292,195,5.0,206.0890612,1030.445306,Cash,Delivered,Express
8209743,16615,84,293,287,6.0,22.74176786,136.4506071,Debit Card,Delivered,Express
3565493,16049,213,294,294,1.0,250.6921799,250.6921799,Credit Card,Shipped,Same-Day
5471383,52839,146,295,146,9.0,28.56114123,257.0502711,Credit Card,Delivered,Standard
7430587,55940,122,296,126,3.0,32.29740918,96.89222754,Debit Card,Delivered,Standard
5067613,35446,126,297,297,1.0,61.88875778,61.88875778,Cash,Processing,Standard
1803037,69500,133,298,51,1.0,195.6408058,195.6408058,Cash,Processing,Standard
9871668,28591,10,299,239,7.0,261.8687921,1833.081545,Cash,Delivered,Same-Day
2314603,34792,135,300,45,6.0,458.1995564,2749.197338,Debit Card,Delivered,Express
1217487,69214,181,301,98,6.0,474.7992607,2848.795564,PayPal,Pending,Standard
2629939,75243,61,302,302,7.0,408.9119794,2862.383856,PayPal,Delivered,Express
2492168,40619,90,303,303,2.0,317.0015934,634.0031868,PayPal,Processing,Express
8574194,50357,216,304,84,7.0,99.19707453,694.3795217,Credit Card,Delivered,Same-Day
5670981,36084,146,305,7,9.0,205.5250435,1849.725392,Cash,Delivered,Express
4081468,57471,217,306,306,10.0,142.111214,1421.11214,Debit Card,Pending,Standard
6925817,85291,35,307,307,6.0,348.0031087,2088.018652,Cash,Processing,Same-Day
9423609,16683,157,308,308,1.0,41.75067581,41.75067581,PayPal,Pending,Express
9209702,30293,30,309,187,5.0,472.7983494,2363.991747,Debit Card,Pending,Standard
8257808,99944,219,310,213,3.0,363.793973,1091.381919,Cash,Pending,Standard
2145553,60481,53,311,266,1.0,474.6467225,474.6467225,PayPal,Pending,Express
7775388,91698,117,312,312,5.0,411.4355543,2057.177771,Credit Card,Processing,Standard
5292389,44721,222,313,12,8.0,378.0900805,3024.720644,Credit Card,Delivered,Standard
3270773,96867,223,314,28,1.0,213.6794234,213.6794234,Debit Card,Pending,Express
7988107,82671,2,315,31,9.0,28.92910639,260.3619575,PayPal,Delivered,Same-Day
5020401,35547,224,316,316,5.0,202.7153956,1013.576978,Debit Card,Pending,Express
6615647,50869,225,317,164,10.0,32.97593815,329.7593815,Credit Card,Shipped,Express
3767002,66893,132,318,318,1.0,33.55364274,33.55364274,Debit Card,Pending,Standard
2286430,42358,226,319,319,2.0,174.9739514,349.9479029,Cash,Shipped,Express
2859196,73353,115,320,320,10.0,362.6219196,3626.219196,PayPal,Pending,Standard
4578976,13610,173,321,321,1.0,145.054612,145.054612,Debit Card,Delivered,Express
4052364,29811,228,322,7,10.0,102.4032281,1024.032281,Credit Card,Delivered,Express
8243427,79548,16,323,323,2.0,248.9749141,497.9498282,Debit Card,Processing,Standard
3462909,15597,3,324,324,2.0,258.4188228,516.8376456,PayPal,Shipped,Express
7662744,27115,2,325,257,5.0,217.3069315,1086.534658,Debit Card,Processing,Same-Day
5396105,73862,1,326,97,6.0,172.5107515,1035.064509,Cash,Delivered,Same-Day
9904456,26241,229,327,67,7.0,231.9222752,1623.455926,Credit Card,Processing,Same-Day
3395821,62489,230,328,51,1.0,437.0575522,437.0575522,Cash,Processing,Same-Day
5816644,38393,79,329,329,9.0,403.8373731,3634.536358,Debit Card,Delivered,Express
3410438,14771,8,330,330,8.0,362.1556343,2897.245074,Cash,Pending,Same-Day
5004469,89926,25,331,109,6.0,127.0050918,762.0305509,Cash,Shipped,Express
8084246,93000,80,332,82,7.0,363.7069252,2545.948477,Cash,Pending,Standard
7107984,99453,32,333,199,7.0,348.4932251,2439.452576,PayPal,Pending,Express
1166989,60009,44,334,103,10.0,337.9589089,3379.589089,Cash,Shipped,Standard
9846574,30224,97,335,76,2.0,143.6221789,287.2443578,Debit Card,Pending,Express
4954042,74095,70,336,336,9.0,448.5892682,4037.303414,Cash,Delivered,Same-Day
3073877,24469,233,337,139,3.0,76.05765087,228.1729526,Debit Card,Pending,Same-Day
7355533,76027,202,338,338,4.0,206.6432675,826.5730701,Credit Card,Shipped,Standard
1206659,68480,8,339,199,2.0,40.61129738,81.22259476,PayPal,Pending,Standard
7636359,31763,114,340,86,5.0,98.03374833,490.1687416,Debit Card,Processing,Same-Day
4668300,18113,187,341,39,6.0,445.4766216,2672.859729,Credit Card,Delivered,Express
8025037,57044,70,342,342,4.0,214.2440706,856.9762823,Credit Card,Pending,Express
6989571,25041,148,343,88,7.0,211.7480634,1482.236444,Cash,Pending,Standard
3838929,30563,196,344,105,10.0,402.447457,4024.47457,PayPal,Processing,Same-Day
1787881,45693,121,345,52,7.0,54.65926446,382.6148512,Credit Card,Delivered,Same-Day
4673562,43571,63,346,277,1.0,207.0866948,207.0866948,PayPal,Delivered,Express
2018159,66017,237,347,45,2.0,281.6146029,563.2292058,PayPal,Delivered,Same-Day
7127278,45899,179,348,348,2.0,218.7749551,437.5499102,PayPal,Delivered,Standard
6654529,99025,119,349,349,10.0,424.9348227,4249.348227,Debit Card,Processing,Same-Day
7226711,18515,97,350,350,1.0,52.37746408,52.37746408,Cash,Delivered,Standard
9749364,75652,106,351,351,5.0,285.9094779,1429.547389,Cash,Processing,Standard
8709027,17165,203,352,252,9.0,45.31829925,407.8646932,Credit Card,Delivered,Same-Day
6675960,60597,167,353,139,3.0,442.2017321,1326.605196,Credit Card,Shipped,Same-Day
6171792,82260,238,354,354,6.0,76.27663986,457.6598392,PayPal,Processing,Express
6199408,41508,88,355,355,2.0,131.2025066,262.4050132,Cash,Delivered,Express
4480409,74540,101,356,356,4.0,202.9103015,811.6412059,Debit Card,Pending,Standard
1363299,28607,175,357,51,2.0,365.8053294,731.6106587,Credit Card,Shipped,Express
8130970,13793,239,358,81,4.0,359.4548096,1437.819239,Credit Card,Delivered,Express
1355949,21174,60,359,141,4.0,284.6393973,1138.557589,Cash,Pending,Same-Day
7476905,33107,241,360,360,7.0,413.6096683,2895.267678,Credit Card,Delivered,Same-Day
8336265,13081,165,361,291,7.0,196.2180008,1373.526006,PayPal,Processing,Express
7029006,17458,42,362,144,5.0,233.6114572,1168.057286,PayPal,Delivered,Express
3752112,28830,101,363,363,1.0,297.0778693,297.0778693,PayPal,Delivered,Express
4138405,77374,74,364,323,1.0,179.7135684,179.7135684,Debit Card,Delivered,Standard
4110889,15891,233,365,239,1.0,481.2579413,481.2579413,Cash,Pending,Same-Day
6343277,98301,146,366,157,1.0,196.9273522,196.9273522,PayPal,Pending,Same-Day
8274674,14091,140,367,324,9.0,469.9013575,4229.112217,Debit Card,Shipped,Same-Day
4207988,17065,168,368,258,3.0,229.7945618,689.3836855,Debit Card,Delivered,Express
4530973,87673,85,369,79,3.0,397.6926392,1193.077918,Credit Card,Shipped,Same-Day
6650035,17901,20,370,370,7.0,388.1323319,2716.926323,Credit Card,Delivered,Standard
9302527,49047,245,371,86,7.0,258.43807,1809.06649,PayPal,Shipped,Express
1175370,77311,246,372,91,7.0,441.3049321,3089.134525,Credit Card,Shipped,Express
4832261,38047,247,373,91,3.0,317.1289408,951.3868225,Credit Card,Processing,Same-Day
8305001,45455,248,374,338,7.0,103.5787378,725.0511643,PayPal,Delivered,Same-Day
3143821,64636,90,375,91,8.0,240.4722572,1923.778058,Debit Card,Shipped,Express
8780917,82551,104,376,223,7.0,355.090294,2485.632058,Cash,Processing,Express
2821321,83578,30,377,306,9.0,474.178411,4267.605699,Cash,Shipped,Same-Day
1570299,83650,250,378,378,2.0,90.65526124,181.3105225,Debit Card,Delivered,Same-Day
8728095,40705,251,379,276,8.0,497.5319314,3980.255451,PayPal,Shipped,Same-Day
9420169,89029,252,380,380,7.0,369.0474109,2583.331876,Credit Card,Pending,Express
6387070,93214,91,381,139,1.0,292.2456891,292.2456891,PayPal,Processing,Same-Day
4143798,49192,216,382,6,1.0,428.0598112,428.0598112,Debit Card,Pending,Express
9363644,89992,79,383,37,6.0,371.9893263,2231.935958,Cash,Pending,Express
2973546,63588,219,384,150,4.0,388.2122499,1552.848999,Credit Card,Delivered,Same-Day
3139836,38486,203,385,385,6.0,123.6168965,741.7013791,Debit Card,Delivered,Same-Day
6023169,64153,80,386,131,6.0,204.4017356,1226.410413,Debit Card,Processing,Express
5707272,15992,255,387,387,4.0,195.2749455,781.099782,PayPal,Processing,Standard
8342496,43083,36,388,4,2.0,158.7917034,317.5834067,Cash,Pending,Same-Day
1944115,36536,26,389,98,9.0,148.4692804,1336.223524,Cash,Processing,Express
7637365,23631,84,390,202,9.0,159.507104,1435.563936,Cash,Shipped,Standard
3830638,97323,162,391,391,6.0,467.769774,2806.618644,Credit Card,Delivered,Express
6516806,27104,134,392,276,2.0,76.44320028,152.8864006,Cash,Processing,Express
2690040,67876,69,393,393,2.0,304.3074938,608.6149876,Credit Card,Shipped,Express
1209755,26917,19,394,394,6.0,286.5908138,1719.544883,Debit Card,Processing,Express
4554224,71298,258,395,21,7.0,247.7689094,1734.382366,Debit Card,Shipped,Express
5777205,20280,259,396,306,10.0,448.712769,4487.12769,Debit Card,Delivered,Same-Day
8051821,25788,260,397,63,5.0,167.6740216,838.3701078,Credit Card,Delivered,Same-Day
6965254,88395,261,398,50,4.0,277.5296621,1110.118649,Debit Card,Processing,Same-Day
5514598,38195,175,399,399,10.0,155.6339316,1556.339316,Credit Card,Pending,Same-Day
5224569,80072,196,400,329,8.0,213.1090949,1704.87276,Credit Card,Pending,Standard
4669285,64275,104,401,26,10.0,451.8677874,4518.677874,Credit Card,Processing,Standard
6176628,74784,86,402,402,5.0,62.3185161,311.5925805,Credit Card,Shipped,Standard
9169342,40091,263,403,213,6.0,248.0791805,1488.475083,Debit Card,Shipped,Standard
1121415,96958,61,404,6,1.0,18.16284801,18.16284801,PayPal,Pending,Standard
2075646,63956,114,405,405,6.0,476.7627166,2860.5763,Debit Card,Pending,Express
1283620,82346,207,406,239,5.0,440.8512145,2204.256073,Cash,Processing,Express
4501991,31998,101,407,407,9.0,481.8797422,4336.91768,PayPal,Delivered,Standard
2207555,28302,265,408,68,3.0,201.0378081,603.1134243,Credit Card,Delivered,Standard
5282726,22848,62,409,409,2.0,285.3410977,570.6821954,Debit Card,Processing,Standard
5202314,22042,183,410,410,2.0,483.1771037,966.3542074,Credit Card,Shipped,Same-Day
2110835,38014,145,411,214,2.0,99.00239094,198.0047819,Debit Card,Processing,Express
3317106,29568,20,412,206,1.0,55.7131033,55.7131033,Credit Card,Delivered,Same-Day
7943755,43434,13,413,413,5.0,346.2257946,1731.128973,Debit Card,Delivered,Standard
4179977,39794,63,414,274,2.0,353.2729804,706.5459608,Debit Card,Shipped,Express
4242791,30209,241,415,51,2.0,306.4115238,612.8230476,PayPal,Processing,Same-Day
8221142,56437,270,416,416,7.0,29.75683421,208.2978395,Cash,Shipped,Standard
9844506,56970,271,417,88,10.0,352.8318542,3528.318542,Cash,Pending,Same-Day
4190867,35511,15,418,418,6.0,105.8696557,635.2179339,PayPal,Shipped,Express
8380095,80891,35,419,267,10.0,361.2688358,3612.688358,Credit Card,Delivered,Same-Day
8902436,72108,164,420,98,1.0,13.5067631,13.5067631,PayPal,Delivered,Express
4583042,14984,272,421,189,7.0,412.5104684,2887.573279,PayPal,Processing,Standard
9699039,55747,18,422,282,2.0,433.5464673,867.0929346,Credit Card,Delivered,Standard
5617367,82021,101,423,109,10.0,157.3436966,1573.436966,Cash,Pending,Same-Day
1566437,23547,29,424,424,2.0,253.5638284,507.1276567,Cash,Pending,Standard
9766243,41485,114,425,168,3.0,434.8028596,1304.408579,Debit Card,Delivered,Standard
2060723,97340,117,426,426,5.0,162.9737262,814.8686308,Credit Card,Delivered,Same-Day
3015432,12790,274,427,21,6.0,478.9985501,2873.9913,Debit Card,Shipped,Standard
8498173,84624,275,428,428,10.0,221.8519968,2218.519968,Cash,Delivered,Express
6964312,72646,276,429,67,8.0,23.94875369,191.5900295,Debit Card,Pending,Express
7726505,53375,56,430,430,3.0,76.38321017,229.1496305,PayPal,Pending,Express
7196203,15041,219,431,431,5.0,481.8591777,2409.295889,Cash,Shipped,Standard
4809422,19347,263,432,409,8.0,453.0232966,3624.186373,Debit Card,Pending,Express
4963956,98120,206,433,60,8.0,39.85311095,318.8248876,Cash,Processing,Standard
8215539,22107,4,434,329,5.0,27.24352562,136.2176281,PayPal,Processing,Express
1469346,84395,73,435,435,4.0,55.44417186,221.7766874,PayPal,Delivered,Same-Day
8071729,90796,278,436,303,1.0,158.4289608,158.4289608,Credit Card,Processing,Same-Day
9889304,72463,84,437,203,8.0,16.97707056,135.8165645,Debit Card,Pending,Standard
4138830,17705,23,438,438,5.0,64.80243279,324.0121639,Cash,Pending,Same-Day
5590605,70727,280,439,355,2.0,204.0995385,408.1990769,Credit Card,Delivered,Standard
6571685,72707,147,440,440,4.0,264.2371044,1056.948418,Credit Card,Delivered,Standard
9261762,98764,22,441,228,4.0,309.9636382,1239.854553,PayPal,Processing,Express
8556117,89722,18,442,22,10.0,435.6825759,4356.825759,Credit Card,Pending,Express
3406772,41496,121,443,201,1.0,195.8041139,195.8041139,PayPal,Shipped,Same-Day
7215648,85908,250,444,444,4.0,279.4940344,1117.976138,Credit Card,Pending,Standard
9185879,10010,251,445,323,8.0,178.6646437,1429.31715,Debit Card,Delivered,Same-Day
3556585,55609,181,446,291,3.0,221.0743772,663.2231315,Debit Card,Pending,Standard
6748475,26560,122,447,424,9.0,442.4349323,3981.91439,Cash,Delivered,Same-Day
2011310,75834,282,448,448,7.0,228.2142203,1597.499542,Credit Card,Pending,Standard
3657578,98004,283,449,98,7.0,243.8367825,1706.857477,Debit Card,Shipped,Standard
9889077,67818,10,450,450,8.0,160.0870523,1280.696418,PayPal,Pending,Same-Day
2691054,51655,23,451,451,6.0,357.6723922,2146.034353,Debit Card,Pending,Same-Day
8900433,39665,233,452,416,1.0,74.8957717,74.8957717,PayPal,Pending,Standard
3356175,65112,1,453,143,1.0,135.413608,135.413608,Credit Card,Pending,Same-Day
5879553,13459,78,454,454,1.0,431.1162034,431.1162034,Credit Card,Shipped,Standard
5670261,14341,67,455,158,4.0,389.8574025,1559.42961,Debit Card,Processing,Standard
5604834,39167,19,456,79,1.0,436.0545554,436.0545554,Debit Card,Delivered,Standard
9129532,11029,89,457,391,1.0,226.807244,226.807244,Credit Card,Pending,Standard
8991228,42624,164,458,270,6.0,332.4281645,1994.568987,Cash,Pending,Express
7165666,62402,286,459,459,4.0,16.67201277,66.68805109,Cash,Processing,Same-Day
1147112,20692,287,460,426,1.0,118.5741697,118.5741697,PayPal,Pending,Standard
8388105,55182,288,461,148,7.0,240.7701742,1685.39122,Credit Card,Shipped,Standard
7513061,84643,275,462,132,5.0,367.9836592,1839.918296,PayPal,Shipped,Express
2670235,23180,30,463,129,3.0,197.9684173,593.905252,PayPal,Processing,Standard
5256338,75024,233,464,24,1.0,331.8392282,331.8392282,PayPal,Pending,Express
5325812,23314,134,465,103,8.0,74.51331221,596.1064977,Debit Card,Shipped,Express
3577079,25390,182,466,112,6.0,183.4565201,1100.73912,PayPal,Delivered,Standard
2530387,82606,194,467,307,5.0,239.5479634,1197.739817,Debit Card,Shipped,Same-Day
7708883,66590,97,468,71,6.0,273.5589193,1641.353516,Credit Card,Pending,Same-Day
8453854,63858,103,469,469,3.0,468.5751837,1405.725551,Credit Card,Processing,Standard
3882390,89973,32,470,62,4.0,120.9730613,483.8922451,PayPal,Delivered,Express
1330153,12267,292,471,471,1.0,162.8656439,162.8656439,Debit Card,Shipped,Express
6201345,11789,181,472,46,9.0,59.18549648,532.6694684,Debit Card,Shipped,Same-Day
9470637,47082,293,473,128,7.0,171.5176777,1200.623744,Debit Card,Shipped,Express
6025565,28353,99,474,197,5.0,432.7880819,2163.94041,Credit Card,Shipped,Standard
1387434,38337,161,475,391,6.0,472.8217238,2836.930343,Cash,Delivered,Standard
2798736,29257,88,476,206,8.0,186.1900665,1489.520532,Debit Card,Pending,Standard
3338656,21397,42,477,291,10.0,207.9377672,2079.377672,Debit Card,Pending,Standard
9315490,51531,246,478,48,6.0,94.21866995,565.3120197,Debit Card,Delivered,Express
9702392,75848,207,479,174,9.0,438.1164654,3943.048189,Cash,Pending,Same-Day
6236187,82677,295,480,74,5.0,377.359269,1886.796345,Credit Card,Pending,Express
7243960,66020,158,481,68,3.0,229.3227013,687.9681038,PayPal,Processing,Same-Day
6649934,14855,177,482,482,2.0,194.6685408,389.3370816,Credit Card,Processing,Standard
4893754,99058,296,483,483,6.0,231.5138445,1389.083067,Cash,Delivered,Express
9661702,11381,105,484,162,2.0,127.155022,254.3100441,Credit Card,Processing,Same-Day
9627400,97549,56,485,32,10.0,475.5346608,4755.346608,Cash,Delivered,Same-Day
9736484,32669,58,486,245,7.0,147.4081401,1031.856981,Debit Card,Delivered,Express
9094852,61308,15,487,184,5.0,498.0170234,2490.085117,PayPal,Shipped,Express
8171449,14663,293,488,488,3.0,479.1198663,1437.359599,Debit Card,Pending,Standard
4365027,97143,91,489,210,9.0,285.1687351,2566.518616,PayPal,Delivered,Express
7647671,93553,238,490,64,5.0,125.0114069,625.0570345,Cash,Processing,Standard
1886519,36836,99,491,491,3.0,340.7418428,1022.225528,Cash,Processing,Same-Day
3690467,62308,170,492,492,3.0,464.4556779,1393.367034,Cash,Pending,Same-Day
6583026,41424,258,493,493,9.0,67.05625933,603.5063339,Credit Card,Processing,Same-Day
9517916,44149,233,494,494,8.0,434.4834194,3475.867355,Debit Card,Delivered,Same-Day
4066984,61816,80,495,70,10.0,466.7216035,4667.216035,Cash,Delivered,Express
4213879,30165,70,496,95,4.0,381.7902661,1527.161064,PayPal,Pending,Standard
9260448,44339,29,497,497,5.0,11.21281704,56.06408522,PayPal,Pending,Express
8930244,95441,202,498,24,10.0,265.1970086,2651.970086,Cash,Pending,Express
7169620,99652,84,499,199,8.0,311.8941531,2495.153225,Cash,Pending,Same-Day
2306788,87457,300,500,157,1.0,132.8698113,132.8698113,Debit Card,Pending,Same-Day
